roll_average,pitch_average
0.006409445500879747,-0.07381117556204651
